,ip,ip.ttl,tcp.window_size,ip.flags.df,App
0,192.168.1.183,128,8192,1,Apache
1,192.168.1.183,128,8192,1,Apache
2,192.168.1.183,128,8192,1,Apache
3,192.168.1.183,128,8192,1,Apache
4,192.168.1.183,128,8192,1,Apache
5,192.168.1.183,128,8192,1,Apache
6,192.168.1.183,128,8192,1,Apache
7,192.168.1.183,128,8192,1,Apache
8,192.168.1.183,128,8192,1,Apache
9,192.168.1.183,128,8192,1,Apache
10,192.168.1.183,128,8192,1,Apache
11,192.168.1.183,128,8192,1,Apache
12,192.168.1.183,128,8192,1,Apache
13,192.168.1.183,128,8192,1,Apache
14,192.168.1.183,128,8192,1,Apache
15,192.168.1.183,128,8192,1,Apache
16,192.168.1.183,128,8192,1,Apache
17,192.168.1.183,128,8192,1,Apache
18,192.168.1.183,128,8192,1,Apache
19,192.168.1.183,128,8192,1,Apache
20,192.168.1.242,128,8192,1,IIS
21,192.168.1.242,128,8192,1,IIS
22,192.168.1.242,128,8192,1,IIS
23,192.168.1.242,128,8192,1,IIS
24,192.168.1.242,128,8192,1,IIS
25,192.168.1.242,128,8192,1,IIS
26,192.168.1.242,128,8192,1,IIS
27,192.168.1.242,128,8192,1,IIS
28,192.168.1.242,128,8192,1,IIS
29,192.168.1.242,128,8192,1,IIS
30,192.168.1.242,128,8192,1,IIS
31,192.168.1.242,128,8192,1,IIS
32,192.168.1.242,128,8192,1,IIS
33,192.168.1.242,128,8192,1,IIS
34,192.168.1.242,128,8192,1,IIS
35,192.168.1.242,128,8192,1,IIS
36,192.168.1.242,128,8192,1,IIS
37,192.168.1.242,128,8192,1,IIS
38,192.168.1.242,128,8192,1,IIS
39,192.168.1.242,128,8192,1,IIS
40,192.168.1.39,128,8192,1,IIS
41,192.168.1.39,128,8192,1,IIS
42,192.168.1.39,128,8192,1,IIS
43,192.168.1.39,128,8192,1,IIS
44,192.168.1.39,128,8192,1,IIS
45,192.168.1.39,128,8192,1,IIS
46,192.168.1.39,128,8192,1,IIS
47,192.168.1.39,128,8192,1,IIS
48,192.168.1.39,128,8192,1,IIS
49,192.168.1.39,128,8192,1,IIS
50,192.168.1.39,128,8192,1,IIS
51,192.168.1.39,128,8192,1,IIS
52,192.168.1.39,128,8192,1,IIS
53,192.168.1.39,128,8192,1,IIS
54,192.168.1.39,128,8192,1,IIS
55,192.168.1.39,128,8192,1,IIS
56,192.168.1.39,128,8192,1,IIS
57,192.168.1.39,128,8192,1,IIS
58,192.168.1.39,128,8192,1,IIS
59,192.168.1.39,128,8192,1,IIS
60,192.168.1.181,128,8192,1,IIS
61,192.168.1.181,128,8192,1,IIS
62,192.168.1.181,128,8192,1,IIS
63,192.168.1.181,128,8192,1,IIS
64,192.168.1.181,128,8192,1,IIS
65,192.168.1.181,128,8192,1,IIS
66,192.168.1.181,128,8192,1,IIS
67,192.168.1.181,128,8192,1,IIS
68,192.168.1.181,128,8192,1,IIS
69,192.168.1.181,128,8192,1,IIS
70,192.168.1.181,128,8192,1,IIS
71,192.168.1.181,128,8192,1,IIS
72,192.168.1.181,128,8192,1,IIS
73,192.168.1.181,128,8192,1,IIS
74,192.168.1.181,128,8192,1,IIS
75,192.168.1.181,128,8192,1,IIS
76,192.168.1.181,128,8192,1,IIS
77,192.168.1.181,128,8192,1,IIS
78,192.168.1.181,128,8192,1,IIS
79,192.168.1.181,128,8192,1,IIS
80,192.168.1.28,128,8192,1,0
81,192.168.1.28,128,8192,1,0
82,192.168.1.28,128,8192,1,0
83,192.168.1.28,128,8192,1,0
84,192.168.1.28,128,8192,1,0
85,192.168.1.28,128,8192,1,0
86,192.168.1.28,128,8192,1,0
87,192.168.1.28,128,8192,1,0
88,192.168.1.28,128,8192,1,0
89,192.168.1.28,128,8192,1,0
90,192.168.1.28,128,8192,1,0
91,192.168.1.28,128,8192,1,0
92,192.168.1.28,128,8192,1,0
93,192.168.1.28,128,8192,1,0
94,192.168.1.28,128,8192,1,0
95,192.168.1.28,128,8192,1,0
96,192.168.1.28,128,8192,1,0
97,192.168.1.28,128,8192,1,0
98,192.168.1.28,128,8192,1,0
99,192.168.1.28,128,8192,1,0
100,192.168.1.157,128,8192,1,0
101,192.168.1.157,128,8192,1,0
102,192.168.1.157,128,8192,1,0
103,192.168.1.157,128,8192,1,0
104,192.168.1.157,128,8192,1,0
105,192.168.1.157,128,8192,1,0
106,192.168.1.157,128,8192,1,0
107,192.168.1.157,128,8192,1,0
108,192.168.1.157,128,8192,1,0
109,192.168.1.157,128,8192,1,0
110,192.168.1.157,128,8192,1,0
111,192.168.1.157,128,8192,1,0
112,192.168.1.157,128,8192,1,0
113,192.168.1.157,128,8192,1,0
114,192.168.1.157,128,8192,1,0
115,192.168.1.157,128,8192,1,0
116,192.168.1.157,128,8192,1,0
117,192.168.1.157,128,8192,1,0
118,192.168.1.157,128,8192,1,0
119,192.168.1.157,128,8192,1,0
120,192.168.1.201,128,8192,1,IIS
121,192.168.1.201,128,8192,1,IIS
122,192.168.1.201,128,8192,1,IIS
123,192.168.1.201,128,8192,1,IIS
124,192.168.1.201,128,8192,1,IIS
125,192.168.1.201,128,8192,1,IIS
126,192.168.1.201,128,8192,1,IIS
127,192.168.1.201,128,8192,1,IIS
128,192.168.1.201,128,8192,1,IIS
129,192.168.1.201,128,8192,1,IIS
130,192.168.1.201,128,8192,1,IIS
131,192.168.1.201,128,8192,1,IIS
132,192.168.1.201,128,8192,1,IIS
133,192.168.1.201,128,8192,1,IIS
134,192.168.1.201,128,8192,1,IIS
135,192.168.1.201,128,8192,1,IIS
136,192.168.1.201,128,8192,1,IIS
137,192.168.1.201,128,8192,1,IIS
138,192.168.1.201,128,8192,1,IIS
139,192.168.1.201,128,8192,1,IIS
140,192.168.1.103,128,65535,1,0
141,192.168.1.103,128,65535,1,0
142,192.168.1.103,128,65535,1,0
143,192.168.1.103,128,65535,1,0
144,192.168.1.103,128,65535,1,0
145,192.168.1.103,128,65535,1,0
146,192.168.1.103,128,65535,1,0
147,192.168.1.103,128,65535,1,0
148,192.168.1.103,128,65535,1,0
149,192.168.1.103,128,65535,1,0
150,192.168.1.103,128,65535,1,0
151,192.168.1.103,128,65535,1,0
152,192.168.1.103,128,65535,1,0
153,192.168.1.103,128,65535,1,0
154,192.168.1.103,128,65535,1,0
155,192.168.1.103,128,65535,1,0
156,192.168.1.103,128,65535,1,0
157,192.168.1.103,128,65535,1,0
158,192.168.1.103,128,65535,1,0
159,192.168.1.103,128,65535,1,0
160,192.168.1.10,128,65535,1,0
161,192.168.1.10,128,65535,1,0
162,192.168.1.10,128,65535,1,0
163,192.168.1.10,128,65535,1,0
164,192.168.1.10,128,65535,1,0
165,192.168.1.10,128,65535,1,0
166,192.168.1.10,128,65535,1,0
167,192.168.1.10,128,65535,1,0
168,192.168.1.10,128,65535,1,0
169,192.168.1.10,128,65535,1,0
170,192.168.1.10,128,65535,1,0
171,192.168.1.10,128,65535,1,0
172,192.168.1.10,128,65535,1,0
173,192.168.1.10,128,65535,1,0
174,192.168.1.10,128,65535,1,0
175,192.168.1.10,128,65535,1,0
176,192.168.1.10,128,65535,1,0
177,192.168.1.10,128,65535,1,0
178,192.168.1.10,128,65535,1,0
179,192.168.1.10,128,65535,1,0
180,192.168.1.240,128,65535,1,IIS
181,192.168.1.240,128,65535,1,IIS
182,192.168.1.240,128,65535,1,IIS
183,192.168.1.240,128,65535,1,IIS
184,192.168.1.240,128,65535,1,IIS
185,192.168.1.240,128,65535,1,IIS
186,192.168.1.240,128,65535,1,IIS
187,192.168.1.240,128,65535,1,IIS
188,192.168.1.240,128,65535,1,IIS
189,192.168.1.240,128,65535,1,IIS
190,192.168.1.240,128,65535,1,IIS
191,192.168.1.240,128,65535,1,IIS
192,192.168.1.240,128,65535,1,IIS
193,192.168.1.240,128,65535,1,IIS
194,192.168.1.240,128,65535,1,IIS
195,192.168.1.240,128,65535,1,IIS
196,192.168.1.240,128,65535,1,IIS
197,192.168.1.240,128,65535,1,IIS
198,192.168.1.240,128,65535,1,IIS
199,192.168.1.240,128,65535,1,IIS
200,192.168.1.211,128,65535,1,IIS
201,192.168.1.211,128,65535,1,IIS
202,192.168.1.211,128,65535,1,IIS
203,192.168.1.211,128,65535,1,IIS
204,192.168.1.211,128,65535,1,IIS
205,192.168.1.211,128,65535,1,IIS
206,192.168.1.211,128,65535,1,IIS
207,192.168.1.211,128,65535,1,IIS
208,192.168.1.211,128,65535,1,IIS
209,192.168.1.211,128,65535,1,IIS
210,192.168.1.211,128,65535,1,IIS
211,192.168.1.211,128,65535,1,IIS
212,192.168.1.211,128,65535,1,IIS
213,192.168.1.211,128,65535,1,IIS
214,192.168.1.211,128,65535,1,IIS
215,192.168.1.211,128,65535,1,IIS
216,192.168.1.211,128,65535,1,IIS
217,192.168.1.211,128,65535,1,IIS
218,192.168.1.211,128,65535,1,IIS
219,192.168.1.211,128,65535,1,IIS
220,192.168.1.71,64,5840,1,Apache
221,192.168.1.71,64,5840,1,Apache
222,192.168.1.71,64,5840,1,Apache
223,192.168.1.71,64,5840,1,Apache
224,192.168.1.71,64,5840,1,Apache
225,192.168.1.71,64,5840,1,Apache
226,192.168.1.71,64,5840,1,Apache
227,192.168.1.71,64,5840,1,Apache
228,192.168.1.71,64,5840,1,Apache
229,192.168.1.71,64,5840,1,Apache
230,192.168.1.71,64,5840,1,Apache
231,192.168.1.71,64,5840,1,Apache
232,192.168.1.71,64,5840,1,Apache
233,192.168.1.71,64,5840,1,Apache
234,192.168.1.71,64,5840,1,Apache
235,192.168.1.71,64,5840,1,Apache
236,192.168.1.71,64,5840,1,Apache
237,192.168.1.71,64,5840,1,Apache
238,192.168.1.71,64,5840,1,Apache
239,192.168.1.71,64,5840,1,Apache
240,192.168.1.153,64,5840,1,Apache
241,192.168.1.153,64,5840,1,Apache
242,192.168.1.153,64,5840,1,Apache
243,192.168.1.153,64,5840,1,Apache
244,192.168.1.153,64,5840,1,Apache
245,192.168.1.153,64,5840,1,Apache
246,192.168.1.153,64,5840,1,Apache
247,192.168.1.153,64,5840,1,Apache
248,192.168.1.153,64,5840,1,Apache
249,192.168.1.153,64,5840,1,Apache
250,192.168.1.153,64,5840,1,Apache
251,192.168.1.153,64,5840,1,Apache
252,192.168.1.153,64,5840,1,Apache
253,192.168.1.153,64,5840,1,Apache
254,192.168.1.153,64,5840,1,Apache
255,192.168.1.153,64,5840,1,Apache
256,192.168.1.153,64,5840,1,Apache
257,192.168.1.153,64,5840,1,Apache
258,192.168.1.153,64,5840,1,Apache
259,192.168.1.153,64,5840,1,Apache
260,192.168.1.86,64,5840,1,0
261,192.168.1.86,64,5840,1,0
262,192.168.1.86,64,5840,1,0
263,192.168.1.86,64,5840,1,0
264,192.168.1.86,64,5840,1,0
265,192.168.1.86,64,5840,1,0
266,192.168.1.86,64,5840,1,0
267,192.168.1.86,64,5840,1,0
268,192.168.1.86,64,5840,1,0
269,192.168.1.86,64,5840,1,0
270,192.168.1.86,64,5840,1,0
271,192.168.1.86,64,5840,1,0
272,192.168.1.86,64,5840,1,0
273,192.168.1.86,64,5840,1,0
274,192.168.1.86,64,5840,1,0
275,192.168.1.86,64,5840,1,0
276,192.168.1.86,64,5840,1,0
277,192.168.1.86,64,5840,1,0
278,192.168.1.86,64,5840,1,0
279,192.168.1.86,64,5840,1,0
280,192.168.1.179,64,5840,1,0
281,192.168.1.179,64,5840,1,0
282,192.168.1.179,64,5840,1,0
283,192.168.1.179,64,5840,1,0
284,192.168.1.179,64,5840,1,0
285,192.168.1.179,64,5840,1,0
286,192.168.1.179,64,5840,1,0
287,192.168.1.179,64,5840,1,0
288,192.168.1.179,64,5840,1,0
289,192.168.1.179,64,5840,1,0
290,192.168.1.179,64,5840,1,0
291,192.168.1.179,64,5840,1,0
292,192.168.1.179,64,5840,1,0
293,192.168.1.179,64,5840,1,0
294,192.168.1.179,64,5840,1,0
295,192.168.1.179,64,5840,1,0
296,192.168.1.179,64,5840,1,0
297,192.168.1.179,64,5840,1,0
298,192.168.1.179,64,5840,1,0
299,192.168.1.179,64,5840,1,0
300,192.168.1.163,64,5840,1,0
301,192.168.1.163,64,5840,1,0
302,192.168.1.163,64,5840,1,0
303,192.168.1.163,64,5840,1,0
304,192.168.1.163,64,5840,1,0
305,192.168.1.163,64,5840,1,0
306,192.168.1.163,64,5840,1,0
307,192.168.1.163,64,5840,1,0
308,192.168.1.163,64,5840,1,0
309,192.168.1.163,64,5840,1,0
310,192.168.1.163,64,5840,1,0
311,192.168.1.163,64,5840,1,0
312,192.168.1.163,64,5840,1,0
313,192.168.1.163,64,5840,1,0
314,192.168.1.163,64,5840,1,0
315,192.168.1.163,64,5840,1,0
316,192.168.1.163,64,5840,1,0
317,192.168.1.163,64,5840,1,0
318,192.168.1.163,64,5840,1,0
319,192.168.1.163,64,5840,1,0
320,192.168.1.48,64,5840,1,Apache
321,192.168.1.48,64,5840,1,Apache
322,192.168.1.48,64,5840,1,Apache
323,192.168.1.48,64,5840,1,Apache
324,192.168.1.48,64,5840,1,Apache
325,192.168.1.48,64,5840,1,Apache
326,192.168.1.48,64,5840,1,Apache
327,192.168.1.48,64,5840,1,Apache
328,192.168.1.48,64,5840,1,Apache
329,192.168.1.48,64,5840,1,Apache
330,192.168.1.48,64,5840,1,Apache
331,192.168.1.48,64,5840,1,Apache
332,192.168.1.48,64,5840,1,Apache
333,192.168.1.48,64,5840,1,Apache
334,192.168.1.48,64,5840,1,Apache
335,192.168.1.48,64,5840,1,Apache
336,192.168.1.48,64,5840,1,Apache
337,192.168.1.48,64,5840,1,Apache
338,192.168.1.48,64,5840,1,Apache
339,192.168.1.48,64,5840,1,Apache
340,192.168.1.67,64,65535,1,0
341,192.168.1.67,64,65535,1,0
342,192.168.1.67,64,65535,1,0
343,192.168.1.67,64,65535,1,0
344,192.168.1.67,64,65535,1,0
345,192.168.1.67,64,65535,1,0
346,192.168.1.67,64,65535,1,0
347,192.168.1.67,64,65535,1,0
348,192.168.1.67,64,65535,1,0
349,192.168.1.67,64,65535,1,0
350,192.168.1.67,64,65535,1,0
351,192.168.1.67,64,65535,1,0
352,192.168.1.67,64,65535,1,0
353,192.168.1.67,64,65535,1,0
354,192.168.1.67,64,65535,1,0
355,192.168.1.67,64,65535,1,0
356,192.168.1.67,64,65535,1,0
357,192.168.1.67,64,65535,1,0
358,192.168.1.67,64,65535,1,0
359,192.168.1.67,64,65535,1,0
360,192.168.1.223,64,65535,1,0
361,192.168.1.223,64,65535,1,0
362,192.168.1.223,64,65535,1,0
363,192.168.1.223,64,65535,1,0
364,192.168.1.223,64,65535,1,0
365,192.168.1.223,64,65535,1,0
366,192.168.1.223,64,65535,1,0
367,192.168.1.223,64,65535,1,0
368,192.168.1.223,64,65535,1,0
369,192.168.1.223,64,65535,1,0
370,192.168.1.223,64,65535,1,0
371,192.168.1.223,64,65535,1,0
372,192.168.1.223,64,65535,1,0
373,192.168.1.223,64,65535,1,0
374,192.168.1.223,64,65535,1,0
375,192.168.1.223,64,65535,1,0
376,192.168.1.223,64,65535,1,0
377,192.168.1.223,64,65535,1,0
378,192.168.1.223,64,65535,1,0
379,192.168.1.223,64,65535,1,0
380,192.168.1.165,64,65535,1,0
381,192.168.1.165,64,65535,1,0
382,192.168.1.165,64,65535,1,0
383,192.168.1.165,64,65535,1,0
384,192.168.1.165,64,65535,1,0
385,192.168.1.165,64,65535,1,0
386,192.168.1.165,64,65535,1,0
387,192.168.1.165,64,65535,1,0
388,192.168.1.165,64,65535,1,0
389,192.168.1.165,64,65535,1,0
390,192.168.1.165,64,65535,1,0
391,192.168.1.165,64,65535,1,0
392,192.168.1.165,64,65535,1,0
393,192.168.1.165,64,65535,1,0
394,192.168.1.165,64,65535,1,0
395,192.168.1.165,64,65535,1,0
396,192.168.1.165,64,65535,1,0
397,192.168.1.165,64,65535,1,0
398,192.168.1.165,64,65535,1,0
399,192.168.1.165,64,65535,1,0
