ip.version,ip.hdr_len,ip.tos,ip.id,ip.flags,ip.flags.rb,ip.flags.df,ip.flags.mf,ip.frag_offset,ip.ttl,ip.proto,ip.checksum,ip.src,ip.dst,ip.len,ip.dsfield,tcp.srcport,tcp.dstport,tcp.seq,tcp.ack,tcp.len,tcp.hdr_len,tcp.flags,tcp.flags.fin,tcp.flags.syn,tcp.flags.reset,tcp.flags.push,tcp.flags.ack,tcp.flags.urg,tcp.flags.cwr,tcp.window_size,tcp.checksum,tcp.urgent_pointer,tcp.options.mss_val
"6",,,,,,,,,,,,,,,,,,,,,,,,,,,,,,,,,
"6",,,,,,,,,,,,,,,,,,,,,,,,,,,,,,,,,
"4","20",,"0x0000b73d","0x00000040","0","1","0","0","57","6","0x00005643","162.159.134.234","10.0.0.22","216","0x00000000","443","53217","1","1","176","20","0x00000018","0","0","0","1","1","0","0","81","0x0000f426","0",
"4","20",,"0x0000b73e","0x00000040","0","1","0","0","57","6","0x00005672","162.159.134.234","10.0.0.22","168","0x00000000","443","53217","177","1","128","20","0x00000018","0","0","0","1","1","0","0","81","0x0000bdec","0",
"4","20",,"0x0000b73f","0x00000040","0","1","0","0","57","6","0x00005671","162.159.134.234","10.0.0.22","168","0x00000000","443","53217","177","1","128","20","0x00000018","0","0","0","1","1","0","0","81","0x0000bdec","0",
"4","20",,"0x00000000","0x00000040","0","1","0","0","64","6","0x00000725","10.0.0.22","162.159.134.234","52","0x00000000","53217","443","1","305","0","32","0x00000010","0","0","0","0","1","0","0","4091","0x00005daa","0",
"6",,,,,,,,,,,,,,,,,,,,,,,,,,,,,,,,,
"6",,,,,,,,,,,,,,,,,,,,,,,,,,,,,,,,,
"6",,,,,,,,,,,,,,,,,,,,,,,,,,,,,,,,,
"6",,,,,,,,,,,,,,,,,,,,,,,,,,,,,,,,,
"4","20",,"0x00000000","0x00000040","0","1","0","0","64","6","0x0000c766","10.0.0.22","40.124.64.192","64","0x00000000","55179","443","0","0","0","44","0x00000002","0","1","0","0","0","0","0","65535","0x0000c503","0","1460"
"4","20",,"0x0000cdf1","0x00000040","0","1","0","0","43","6","0x0000b8c3","192.108.254.116","10.0.0.22","76","0x00000000","443","53169","1","1","24","32","0x00000018","0","0","0","1","1","0","0","83","0x00009363","0",
"4","20",,"0x00000000","0x00000040","0","1","0","0","64","6","0x000071cd","10.0.0.22","192.108.254.116","52","0x00000000","53169","443","1","25","0","32","0x00000010","0","0","0","0","1","0","0","2048","0x00001806","0",
"4","20",,"0x00000000","0x00000040","0","1","0","0","64","6","0x000071b1","10.0.0.22","192.108.254.116","80","0x00000000","53169","443","1","25","28","32","0x00000018","0","0","0","1","1","0","0","2048","0x0000d415","0",
"4","20",,"0x00001201","0x00000040","0","1","0","0","117","6","0x00008071","40.124.64.192","10.0.0.22","52","0x00000000","443","55179","0","1","0","32","0x00000012","0","1","0","0","1","0","0","65535","0x0000c1f1","0","1440"
"4","20",,"0x00000000","0x00000040","0","1","0","0","64","6","0x0000c77e","10.0.0.22","40.124.64.192","40","0x00000000","55179","443","1","1","0","20","0x00000010","0","0","0","0","1","0","0","262144","0x0000f2b0","0",
"4","20",,"0x00000000","0x00000040","0","1","0","0","64","6","0x0000c579","10.0.0.22","40.124.64.192","557","0x00000000","55179","443","1","1","517","20","0x00000018","0","0","0","1","1","0","0","262144","0x00000122","0",
"6",,,,,,,,,,,,,,,,,,,,,,,,,,,,,,,,,
"6",,,,,,,,,,,,,,,,,,,,,,,,,,,,,,,,,
"4","20",,"0x00001202","0x00000040","0","1","0","0","117","6","0x00007ac8","40.124.64.192","10.0.0.22","1500","0x00000000","443","55179","1","518","1460","20","0x00000010","0","0","0","0","1","0","0","525056","0x0000b197","0",
"4","20",,"0x00000000","0x00000040","0","1","0","0","64","6","0x0000c77e","10.0.0.22","40.124.64.192","40","0x00000000","55179","443","518","1461","0","20","0x00000010","0","0","0","0","1","0","0","260672","0x0000eb0e","0",
"4","20",,"0x00001203","0x00000040","0","1","0","0","117","6","0x00007ac7","40.124.64.192","10.0.0.22","1500","0x00000000","443","55179","1461","518","1460","20","0x00000010","0","0","0","0","1","0","0","525056","0x00001c39","0",
"4","20",,"0x00000000","0x00000040","0","1","0","0","64","6","0x0000c77e","10.0.0.22","40.124.64.192","40","0x00000000","55179","443","518","2921","0","20","0x00000010","0","0","0","0","1","0","0","260672","0x0000e55a","0",
"4","20",,"0x00001204","0x00000040","0","1","0","0","117","6","0x00007ac6","40.124.64.192","10.0.0.22","1500","0x00000000","443","55179","2921","518","1460","20","0x00000010","0","0","0","0","1","0","0","525056","0x000023a6","0",
"4","20",,"0x00000000","0x00000040","0","1","0","0","64","6","0x0000c77e","10.0.0.22","40.124.64.192","40","0x00000000","55179","443","518","4381","0","20","0x00000010","0","0","0","0","1","0","0","260672","0x0000dfa6","0",
"4","20",,"0x00001205","0x00000040","0","1","0","0","117","6","0x00007e39","40.124.64.192","10.0.0.22","616","0x00000000","443","55179","4381","518","576","20","0x00000018","0","0","0","1","1","0","0","525056","0x00009114","0",
"4","20",,"0x00000000","0x00000040","0","1","0","0","64","6","0x0000c77e","10.0.0.22","40.124.64.192","40","0x00000000","55179","443","518","4957","0","20","0x00000010","0","0","0","0","1","0","0","261568","0x0000dd58","0",
"4","20",,"0x00000000","0x00000040","0","1","0","0","64","6","0x0000c6e0","10.0.0.22","40.124.64.192","198","0x00000000","55179","443","518","4957","158","20","0x00000018","0","0","0","1","1","0","0","262144","0x0000abd1","0",
"6",,,,,,,,,,,,,,,,,,,,,,,,,,,,,,,,,
"6",,,,,,,,,,,,,,,,,,,,,,,,,,,,,,,,,
"4","20",,"0x0000cdf2","0x00000040","0","1","0","0","43","6","0x0000b8da","192.108.254.116","10.0.0.22","52","0x00000000","443","53169","25","29","0","32","0x00000010","0","0","0","0","1","0","0","83","0x00001f4c","0",
"4","20",,"0x00001206","0x00000040","0","1","0","0","117","6","0x00008045","40.124.64.192","10.0.0.22","91","0x00000000","443","55179","4957","676","51","20","0x00000018","0","0","0","1","1","0","0","524800","0x0000e0f6","0",
"4","20",,"0x00000000","0x00000040","0","1","0","0","64","6","0x0000c77e","10.0.0.22","40.124.64.192","40","0x00000000","55179","443","676","5008","0","20","0x00000010","0","0","0","0","1","0","0","262080","0x0000dc7f","0",
"6",,,,,,,,,,,,,,,,,,,,,,,,,,,,,,,,,
"6",,,,,,,,,,,,,,,,,,,,,,,,,,,,,,,,,
"6",,,,,,,,,,,,,,,,,,,,,,,,,,,,,,,,,
"4","20",,"0x00000000","0x00000040","0","1","0","0","64","6","0x0000c6dd","10.0.0.22","40.124.64.192","201","0x00000000","55179","443","676","5008","161","20","0x00000018","0","0","0","1","1","0","0","262144","0x00003deb","0",
"6",,,,,,,,,,,,,,,,,,,,,,,,,,,,,,,,,
"6",,,,,,,,,,,,,,,,,,,,,,,,,,,,,,,,,
"6",,,,,,,,,,,,,,,,,,,,,,,,,,,,,,,,,
"4","20",,"0x00000000","0x00000040","0","1","0","0","64","6","0x0000b9a0","10.0.0.22","64.4.54.254","64","0x00000000","55180","443","0","0","0","44","0x00000002","0","1","0","0","0","0","0","65535","0x0000dff7","0","1460"
"4","20",,"0x00001207","0x00000040","0","1","0","0","117","6","0x00007e9d","40.124.64.192","10.0.0.22","514","0x00000000","443","55179","5008","837","474","20","0x00000019","1","0","0","1","1","0","0","524544","0x00002c6b","0",
"4","20",,"0x00000000","0x00000040","0","1","0","0","64","6","0x0000c77e","10.0.0.22","40.124.64.192","40","0x00000000","55179","443","837","5483","0","20","0x00000010","0","0","0","0","1","0","0","261632","0x0000da0a","0",
"4","20",,"0x00000000","0x00000040","0","1","0","0","64","6","0x0000c77e","10.0.0.22","40.124.64.192","40","0x00000000","55179","443","837","5483","0","20","0x00000011","1","0","0","0","1","0","0","262144","0x0000da01","0",
"4","20",,"0x00001208","0x00000040","0","1","0","0","117","6","0x00008076","40.124.64.192","10.0.0.22","40","0x00000000","443","55179","5483","838","0","20","0x00000010","0","0","0","0","1","0","0","524544","0x0000e200","0",
"4","20",,"0x0000c529","0x00000040","0","1","0","0","111","6","0x0000c582","64.4.54.254","10.0.0.22","52","0x00000000","443","55180","0","1","0","32","0x00000012","0","1","0","0","1","0","0","65535","0x0000c4b0","0","1440"
"4","20",,"0x00000000","0x00000040","0","1","0","0","64","6","0x0000b9b8","10.0.0.22","64.4.54.254","40","0x00000000","55180","443","1","1","0","20","0x00000010","0","0","0","0","1","0","0","262144","0x0000f56f","0",
"4","20",,"0x00000000","0x00000040","0","1","0","0","64","6","0x0000b7b3","10.0.0.22","64.4.54.254","557","0x00000000","55180","443","1","1","517","20","0x00000018","0","0","0","1","1","0","0","262144","0x00003ccd","0",
"4","20",,"0x0000c52a","0x00000040","0","1","0","0","112","6","0x0000bed9","64.4.54.254","10.0.0.22","1500","0x00000000","443","55180","1","518","1460","20","0x00000010","0","0","0","0","1","0","0","262144","0x00008145","0",
"4","20",,"0x00000000","0x00000040","0","1","0","0","64","6","0x0000b9b8","10.0.0.22","64.4.54.254","40","0x00000000","55180","443","518","1461","0","20","0x00000010","0","0","0","0","1","0","0","260672","0x0000edcd","0",
"4","20",,"0x0000c52b","0x00000040","0","1","0","0","112","6","0x0000bed8","64.4.54.254","10.0.0.22","1500","0x00000000","443","55180","1461","518","1460","20","0x00000010","0","0","0","0","1","0","0","262144","0x00006300","0",
"4","20",,"0x0000c52c","0x00000040","0","1","0","0","112","6","0x0000c13d","64.4.54.254","10.0.0.22","886","0x00000000","443","55180","2921","518","846","20","0x00000018","0","0","0","1","1","0","0","262144","0x00007c50","0",
"4","20",,"0x00000000","0x00000040","0","1","0","0","64","6","0x0000b9b8","10.0.0.22","64.4.54.254","40","0x00000000","55180","443","518","3767","0","20","0x00000010","0","0","0","0","1","0","0","259776","0x0000e4d9","0",
"4","20",,"0x00000000","0x00000040","0","1","0","0","64","6","0x0000b95b","10.0.0.22","64.4.54.254","133","0x00000000","55180","443","518","3767","93","20","0x00000018","0","0","0","1","1","0","0","262144","0x0000d7fc","0",
"4","20",,"0x0000c52d","0x00000040","0","1","0","0","112","6","0x0000c457","64.4.54.254","10.0.0.22","91","0x00000000","443","55180","3767","611","51","20","0x00000018","0","0","0","1","1","0","0","262144","0x000057da","0",
"4","20",,"0x00000000","0x00000040","0","1","0","0","64","6","0x0000b9b8","10.0.0.22","64.4.54.254","40","0x00000000","55180","443","611","3818","0","20","0x00000010","0","0","0","0","1","0","0","262080","0x0000e425","0",
"4","20",,"0x00000000","0x00000040","0","1","0","0","64","6","0x0000b664","10.0.0.22","64.4.54.254","892","0x00000000","55180","443","611","3818","852","20","0x00000018","0","0","0","1","1","0","0","262144","0x00007571","0",
"4","20",,"0x0000c52e","0x00000040","0","1","0","0","112","6","0x0000c489","64.4.54.254","10.0.0.22","40","0x00000000","443","55180","3818","1463","0","20","0x00000010","0","0","0","0","1","0","0","262656","0x0000ecce","0",
"4","20",,"0x0000b740","0x00000040","0","1","0","0","57","6","0x00005667","162.159.134.234","10.0.0.22","177","0x00000000","443","53217","305","1","137","20","0x00000018","0","0","0","1","1","0","0","81","0x000081db","0",
"4","20",,"0x00000000","0x00000040","0","1","0","0","64","6","0x00000731","10.0.0.22","162.159.134.234","40","0x00000000","53217","443","1","442","0","20","0x00000010","0","0","0","0","1","0","0","4093","0x0000c5a8","0",
"4","20",,"0x0000b741","0x00000040","0","1","0","0","57","6","0x000056be","162.159.134.234","10.0.0.22","89","0x00000000","443","53217","442","1","49","20","0x00000018","0","0","0","1","1","0","0","81","0x000078d8","0",
"4","20",,"0x00000000","0x00000040","0","1","0","0","64","6","0x00000731","10.0.0.22","162.159.134.234","40","0x00000000","53217","443","1","491","0","20","0x00000010","0","0","0","0","1","0","0","4095","0x0000c575","0",
"4","20",,"0x0000c52f","0x00000040","0","1","0","0","112","6","0x0000c34e","64.4.54.254","10.0.0.22","354","0x00000000","443","55180","3818","1463","314","20","0x00000019","1","0","0","1","1","0","0","262656","0x0000033d","0",
"4","20",,"0x00000000","0x00000040","0","1","0","0","64","6","0x0000b9b8","10.0.0.22","64.4.54.254","40","0x00000000","55180","443","1463","4133","0","20","0x00000010","0","0","0","0","1","0","0","261824","0x0000df9a","0",
"4","20",,"0x00000000","0x00000040","0","1","0","0","64","6","0x0000b999","10.0.0.22","64.4.54.254","71","0x00000000","55180","443","1463","4133","31","20","0x00000018","0","0","0","1","1","0","0","262144","0x0000793c","0",
"4","20",,"0x00000000","0x00000040","0","1","0","0","64","6","0x0000b9b8","10.0.0.22","64.4.54.254","40","0x00000000","55180","443","1494","4133","0","20","0x00000011","1","0","0","0","1","0","0","262144","0x0000df75","0",
"4","20",,"0x0000c530","0x00000040","0","1","0","0","112","6","0x0000c487","64.4.54.254","10.0.0.22","40","0x00000000","443","55180","4133","1463","0","20","0x00000010","0","0","0","0","1","0","0","262656","0x0000eb93","0",
"4","20",,"0x0000c531","0x00000040","0","1","0","0","112","6","0x0000c486","64.4.54.254","10.0.0.22","40","0x00000000","443","55180","4133","1495","0","20","0x00000010","0","0","0","0","1","0","0","262656","0x0000eb73","0",
"4","20",,"0x0000a300","0x00000040","0","1","0","0","43","6","0x0000e3b4","192.108.254.116","10.0.0.22","76","0x00000000","443","53161","1","1","24","32","0x00000018","0","0","0","1","1","0","0","83","0x0000d8ca","0",
"4","20",,"0x00000000","0x00000040","0","1","0","0","64","6","0x000071cd","10.0.0.22","192.108.254.116","52","0x00000000","53161","443","1","25","0","32","0x00000010","0","0","0","0","1","0","0","2048","0x0000fb98","0",
"4","20",,"0x00000000","0x00000040","0","1","0","0","64","6","0x000071b1","10.0.0.22","192.108.254.116","80","0x00000000","53161","443","1","25","28","32","0x00000018","0","0","0","1","1","0","0","2048","0x00009e9c","0",
"4","20",,"0x0000a301","0x00000040","0","1","0","0","43","6","0x0000e3cb","192.108.254.116","10.0.0.22","52","0x00000000","443","53161","25","29","0","32","0x00000010","0","0","0","0","1","0","0","83","0x000002df","0",
"4","20",,"0x0000b742","0x00000040","0","1","0","0","57","6","0x000056a0","162.159.134.234","10.0.0.22","118","0x00000000","443","53217","491","1","78","20","0x00000018","0","0","0","1","1","0","0","81","0x00008652","0",
"4","20",,"0x00000000","0x00000040","0","1","0","0","64","6","0x00000731","10.0.0.22","162.159.134.234","40","0x00000000","53217","443","1","569","0","20","0x00000010","0","0","0","0","1","0","0","4096","0x0000c526","0",
"6",,,,,,,,,,,,,,,,,,,,,,,,,,,,,,,,,
"6",,,,,,,,,,,,,,,,,,,,,,,,,,,,,,,,,
"6",,,,,,,,,,,,,,,,,,,,,,,,,,,,,,,,,
"6",,,,,,,,,,,,,,,,,,,,,,,,,,,,,,,,,
"4","20",,"0x0000b743","0x00000040","0","1","0","0","57","6","0x00005651","162.159.134.234","10.0.0.22","196","0x00000000","443","53217","569","1","156","20","0x00000018","0","0","0","1","1","0","0","81","0x0000798e","0",
"4","20",,"0x0000b744","0x00000040","0","1","0","0","57","6","0x000055ca","162.159.134.234","10.0.0.22","330","0x00000000","443","53217","725","1","290","20","0x00000018","0","0","0","1","1","0","0","81","0x00004ca5","0",
"4","20",,"0x0000b745","0x00000040","0","1","0","0","57","6","0x000055c9","162.159.134.234","10.0.0.22","330","0x00000000","443","53217","725","1","290","20","0x00000018","0","0","0","1","1","0","0","81","0x00004ca5","0",
"4","20",,"0x0000b746","0x00000040","0","1","0","0","57","6","0x00005619","162.159.134.234","10.0.0.22","249","0x00000000","443","53217","1015","1","209","20","0x00000018","0","0","0","1","1","0","0","81","0x00004b4c","0",
"4","20",,"0x0000b747","0x00000040","0","1","0","0","57","6","0x0000545a","162.159.134.234","10.0.0.22","695","0x00000000","443","53217","569","1","655","20","0x00000018","0","0","0","1","1","0","0","81","0x00006a3e","0",
"4","20",,"0x00000000","0x00000040","0","1","0","0","64","6","0x00000725","10.0.0.22","162.159.134.234","52","0x00000000","53217","443","1","1224","0","32","0x00000010","0","0","0","0","1","0","0","4085","0x0000552f","0",
"4","20",,"0x00000000","0x00000040","0","1","0","0","64","6","0x00000725","10.0.0.22","162.159.134.234","52","0x00000000","53217","443","1","1224","0","32","0x00000010","0","0","0","0","1","0","0","4085","0x000054fa","0",
"6",,,,,,,,,,,,,,,,,,,,,,,,,,,,,,,,,
"4","20",,"0x0000b748","0x00000040","0","1","0","0","57","6","0x0000569a","162.159.134.234","10.0.0.22","118","0x00000000","443","53217","1224","1","78","20","0x00000018","0","0","0","1","1","0","0","81","0x00002786","0",
"4","20",,"0x00000000","0x00000040","0","1","0","0","64","6","0x00000731","10.0.0.22","162.159.134.234","40","0x00000000","53217","443","1","1302","0","20","0x00000010","0","0","0","0","1","0","0","4094","0x0000c24b","0",
"6",,,,,,,,,,,,,,,,,,,,,,,,,,,,,,,,,
"6",,,,,,,,,,,,,,,,,,,,,,,,,,,,,,,,,
"6",,,,,,,,,,,,,,,,,,,,,,,,,,,,,,,,,
"4","20",,"0x0000b749","0x00000040","0","1","0","0","57","6","0x00005524","162.159.134.234","10.0.0.22","491","0x00000000","443","53217","1302","1","451","20","0x00000018","0","0","0","1","1","0","0","81","0x0000a7ab","0",
"4","20",,"0x00000000","0x00000040","0","1","0","0","64","6","0x00000731","10.0.0.22","162.159.134.234","40","0x00000000","53217","443","1","1753","0","20","0x00000010","0","0","0","0","1","0","0","4096","0x0000c086","0",
"6",,,,,,,,,,,,,,,,"443","53158","1","1","48","32","0x00000010","0","0","0","0","1","0","0","20","0x0000f338","0",
"6",,,,,,,,,,,,,,,,"443","53158","49","1","44","32","0x00000018","0","0","0","1","1","0","0","20","0x00008af7","0",
"6",,,,,,,,,,,,,,,,"53158","443","1","93","0","32","0x00000010","0","0","0","0","1","0","0","2048","0x0000da78","0",
"6",,,,,,,,,,,,,,,,,,,,,,,,,,,,,,,,,
"6",,,,,,,,,,,,,,,,"53264","80","1","1","0","20","0x00000010","0","0","0","0","1","0","0","2048","0x0000f526","0",
"4","20",,"0x0000b74a","0x00000040","0","1","0","0","57","6","0x00005648","162.159.134.234","10.0.0.22","198","0x00000000","443","53217","1753","1","158","20","0x00000018","0","0","0","1","1","0","0","81","0x0000c4d9","0",
"4","20",,"0x0000b74b","0x00000040","0","1","0","0","57","6","0x000055d0","162.159.134.234","10.0.0.22","317","0x00000000","443","53217","1911","1","277","20","0x00000018","0","0","0","1","1","0","0","81","0x0000b721","0",
"4","20",,"0x0000b74c","0x00000040","0","1","0","0","57","6","0x000055cf","162.159.134.234","10.0.0.22","317","0x00000000","443","53217","1911","1","277","20","0x00000018","0","0","0","1","1","0","0","81","0x0000b721","0",
"4","20",,"0x0000b74d","0x00000040","0","1","0","0","57","6","0x00005682","162.159.134.234","10.0.0.22","137","0x00000000","443","53217","2188","1","97","20","0x00000018","0","0","0","1","1","0","0","81","0x0000ef74","0",
"4","20",,"0x0000b74e","0x00000040","0","1","0","0","57","6","0x000054ce","162.159.134.234","10.0.0.22","572","0x00000000","443","53217","1753","1","532","20","0x00000018","0","0","0","1","1","0","0","81","0x0000072c","0",
"4","20",,"0x0000b74f","0x00000040","0","1","0","0","57","6","0x000054cd","162.159.134.234","10.0.0.22","572","0x00000000","443","53217","1753","1","532","20","0x00000018","0","0","0","1","1","0","0","81","0x0000072c","0",
"4","20",,"0x0000b750","0x00000040","0","1","0","0","57","6","0x000054cc","162.159.134.234","10.0.0.22","572","0x00000000","443","53217","1753","1","532","20","0x00000018","0","0","0","1","1","0","0","81","0x0000072c","0",
"4","20",,"0x00000000","0x00000040","0","1","0","0","64","6","0x00000725","10.0.0.22","162.159.134.234","52","0x00000000","53217","443","1","2285","0","32","0x00000010","0","0","0","0","1","0","0","4087","0x000047d1","0",
"4","20",,"0x00000000","0x00000040","0","1","0","0","64","6","0x00000725","10.0.0.22","162.159.134.234","52","0x00000000","53217","443","1","2285","0","32","0x00000010","0","0","0","0","1","0","0","4087","0x0000480e","0",
"4","20",,"0x00000000","0x00000040","0","1","0","0","64","6","0x00000725","10.0.0.22","162.159.134.234","52","0x00000000","53217","443","1","2285","0","32","0x00000010","0","0","0","0","1","0","0","4087","0x0000480e","0",
"4","20",,"0x00000000","0x00000040","0","1","0","0","64","6","0x00000725","10.0.0.22","162.159.134.234","52","0x00000000","53217","443","1","2285","0","32","0x00000010","0","0","0","0","1","0","0","4087","0x0000480e","0",
"4","20",,"0x0000b751","0x00000040","0","1","0","0","57","6","0x0000512b","162.159.134.234","10.0.0.22","1500","0x00000000","443","53217","2285","1","1460","20","0x00000010","0","0","0","0","1","0","0","81","0x00005c4f","0",
"4","20",,"0x0000b752","0x00000040","0","1","0","0","57","6","0x00005411","162.159.134.234","10.0.0.22","757","0x00000000","443","53217","3745","1","717","20","0x00000018","0","0","0","1","1","0","0","81","0x0000bfc8","0",
"6",,,,,,,,,,,,,,,,"80","53264","1","2","0","32","0x00000010","0","0","0","0","1","0","0","256","0x000057ee","0",
"4","20",,"0x00000000","0x00000040","0","1","0","0","64","6","0x00000731","10.0.0.22","162.159.134.234","40","0x00000000","53217","443","1","4462","0","20","0x00000010","0","0","0","0","1","0","0","4096","0x0000b5f1","0",
"4","20",,"0x000029fb","0x00000000","0","0","0","0","64","6","0x00004a53","10.0.0.22","140.82.112.26","40","0x00000000","55110","443","1","1","0","20","0x00000010","0","0","0","0","1","0","0","2048","0x00002d67","0",
"6",,,,,,,,,,,,,,,,,,,,,,,,,,,,,,,,,
"6",,,,,,,,,,,,,,,,,,,,,,,,,,,,,,,,,
"6",,,,,,,,,,,,,,,,,,,,,,,,,,,,,,,,,
"6",,,,,,,,,,,,,,,,,,,,,,,,,,,,,,,,,
"6",,,,,,,,,,,,,,,,,,,,,,,,,,,,,,,,,
"4","20",,"0x0000929e","0x00000040","0","1","0","0","45","6","0x0000b4a3","140.82.112.26","10.0.0.22","52","0x00000000","443","55110","1","2","0","32","0x00000010","0","0","0","0","1","0","0","69","0x00003880","0",
"6",,,,,,,,,,,,,,,,,,,,,,,,,,,,,,,,,
"4","20",,"0x00000000","0x00000040","0","1","0","0","64","6","0x0000cfc2","10.0.0.22","52.72.44.152","64","0x00000000","55183","443","0","0","0","44","0x00000002","0","1","0","0","0","0","0","65535","0x000064b9","0","1460"
"4","20",,"0x00000000","0x00000040","0","1","0","0","232","6","0x000027c6","52.72.44.152","10.0.0.22","60","0x00000000","443","55183","0","1","0","40","0x00000012","0","1","0","0","1","0","0","26847","0x00003873","0","1460"
"4","20",,"0x00000000","0x00000040","0","1","0","0","64","6","0x0000cfce","10.0.0.22","52.72.44.152","52","0x00000000","55183","443","1","1","0","32","0x00000010","0","0","0","0","1","0","0","131712","0x0000c7e5","0",
"4","20",,"0x00000000","0x00000040","0","1","0","0","64","6","0x0000cec8","10.0.0.22","52.72.44.152","314","0x00000000","55183","443","1","1","262","32","0x00000018","0","0","0","1","1","0","0","131712","0x00001d8b","0",
"4","20",,"0x0000ea03","0x00000040","0","1","0","0","232","6","0x00003dca","52.72.44.152","10.0.0.22","52","0x00000000","443","55183","1","263","0","32","0x00000010","0","0","0","0","1","0","0","28160","0x0000ce6a","0",
"4","20",,"0x0000ea04","0x00000040","0","1","0","0","232","6","0x00003821","52.72.44.152","10.0.0.22","1500","0x00000000","443","55183","1","263","1448","32","0x00000010","0","0","0","0","1","0","0","28160","0x0000d6a2","0",
"4","20",,"0x00000000","0x00000040","0","1","0","0","64","6","0x0000cfce","10.0.0.22","52.72.44.152","52","0x00000000","55183","443","263","1449","0","32","0x00000010","0","0","0","0","1","0","0","130304","0x0000c107","0",
"4","20",,"0x0000ea05","0x00000040","0","1","0","0","232","6","0x00003820","52.72.44.152","10.0.0.22","1500","0x00000000","443","55183","1449","263","1448","32","0x00000010","0","0","0","0","1","0","0","28160","0x0000d858","0",
"4","20",,"0x0000ea06","0x00000040","0","1","0","0","232","6","0x0000381f","52.72.44.152","10.0.0.22","1500","0x00000000","443","55183","2897","263","1448","32","0x00000010","0","0","0","0","1","0","0","28160","0x00004c7c","0",
"4","20",,"0x00000000","0x00000040","0","1","0","0","64","6","0x0000cfce","10.0.0.22","52.72.44.152","52","0x00000000","55183","443","263","4345","0","32","0x00000010","0","0","0","0","1","0","0","127424","0x0000b5e4","0",
"4","20",,"0x00000000","0x00000040","0","1","0","0","64","6","0x0000cfce","10.0.0.22","52.72.44.152","52","0x00000000","55183","443","263","4345","0","32","0x00000010","0","0","0","0","1","0","0","131072","0x0000b5ab","0",
"4","20",,"0x0000ea07","0x00000040","0","1","0","0","232","6","0x00003a26","52.72.44.152","10.0.0.22","980","0x00000000","443","55183","4345","263","928","32","0x00000018","0","0","0","1","1","0","0","28160","0x00000adf","0",
"4","20",,"0x00000000","0x00000040","0","1","0","0","64","6","0x0000cfce","10.0.0.22","52.72.44.152","52","0x00000000","55183","443","263","5273","0","32","0x00000010","0","0","0","0","1","0","0","130112","0x0000b218","0",
"4","20",,"0x00000000","0x00000040","0","1","0","0","64","6","0x0000cf50","10.0.0.22","52.72.44.152","178","0x00000000","55183","443","263","5273","126","32","0x00000018","0","0","0","1","1","0","0","131072","0x00002472","0",
"4","20",,"0x0000ea08","0x00000040","0","1","0","0","232","6","0x00003d92","52.72.44.152","10.0.0.22","103","0x00000000","443","55183","5273","389","51","32","0x00000018","0","0","0","1","1","0","0","28160","0x000074ea","0",
"4","20",,"0x00000000","0x00000040","0","1","0","0","64","6","0x0000cfce","10.0.0.22","52.72.44.152","52","0x00000000","55183","443","389","5324","0","32","0x00000010","0","0","0","0","1","0","0","131008","0x0000b10f","0",
"4","20",,"0x00000000","0x00000040","0","1","0","0","64","6","0x0000cb16","10.0.0.22","52.72.44.152","1260","0x00000000","55183","443","389","5324","1208","32","0x00000018","0","0","0","1","1","0","0","131072","0x0000b684","0",
"4","20",,"0x00000000","0x00000040","0","1","0","0","64","6","0x0000ca26","10.0.0.22","52.72.44.152","1500","0x00000000","55183","443","1597","5324","1448","32","0x00000010","0","0","0","0","1","0","0","131072","0x000027e8","0",
"4","20",,"0x00000000","0x00000040","0","1","0","0","64","6","0x0000cc23","10.0.0.22","52.72.44.152","991","0x00000000","55183","443","3045","5324","939","32","0x00000018","0","0","0","1","1","0","0","131072","0x0000dcb3","0",
"4","20",,"0x00000000","0x00000040","0","1","0","0","64","6","0x0000cd82","10.0.0.22","52.72.44.152","640","0x00000000","55183","443","3984","5324","588","32","0x00000018","0","0","0","1","1","0","0","131072","0x0000f8e0","0",
"4","20",,"0x00000000","0x00000040","0","1","0","0","64","6","0x0000ca26","10.0.0.22","52.72.44.152","1500","0x00000000","55183","443","4572","5324","1448","32","0x00000010","0","0","0","0","1","0","0","131072","0x0000aa55","0",
"4","20",,"0x00000000","0x00000040","0","1","0","0","64","6","0x0000cf9c","10.0.0.22","52.72.44.152","102","0x00000000","55183","443","6020","5324","50","32","0x00000018","0","0","0","1","1","0","0","131072","0x00000994","0",
"4","20",,"0x0000ea09","0x00000040","0","1","0","0","232","6","0x00003dc4","52.72.44.152","10.0.0.22","52","0x00000000","443","55183","5324","3984","0","32","0x00000010","0","0","0","0","1","0","0","35328","0x0000aa67","0",
"4","20",,"0x0000ea0a","0x00000040","0","1","0","0","232","6","0x00003dc3","52.72.44.152","10.0.0.22","52","0x00000000","443","55183","5324","6020","0","32","0x00000010","0","0","0","0","1","0","0","40960","0x0000a25d","0",
"4","20",,"0x0000ea0b","0x00000040","0","1","0","0","232","6","0x00003d42","52.72.44.152","10.0.0.22","180","0x00000000","443","55183","5324","6070","128","32","0x00000018","0","0","0","1","1","0","0","40960","0x00006eac","0",
"4","20",,"0x00000000","0x00000040","0","1","0","0","64","6","0x0000cfce","10.0.0.22","52.72.44.152","52","0x00000000","55183","443","6070","5452","0","32","0x00000010","0","0","0","0","1","0","0","130944","0x00009a0c","0",
"4","20",,"0x0000b753","0x00000040","0","1","0","0","57","6","0x000055ef","162.159.134.234","10.0.0.22","278","0x00000000","443","53217","4462","1","238","20","0x00000018","0","0","0","1","1","0","0","81","0x00007418","0",
"4","20",,"0x00000000","0x00000040","0","1","0","0","64","6","0x00000731","10.0.0.22","162.159.134.234","40","0x00000000","53217","443","1","4700","0","20","0x00000010","0","0","0","0","1","0","0","4096","0x0000b503","0",
"4","20",,"0x0000b754","0x00000040","0","1","0","0","57","6","0x00005624","162.159.134.234","10.0.0.22","224","0x00000000","443","53217","4700","1","184","20","0x00000018","0","0","0","1","1","0","0","81","0x0000c0cb","0",
"4","20",,"0x0000b755","0x00000040","0","1","0","0","57","6","0x00005623","162.159.134.234","10.0.0.22","224","0x00000000","443","53217","4700","1","184","20","0x00000018","0","0","0","1","1","0","0","81","0x0000c0cb","0",
"4","20",,"0x0000b756","0x00000040","0","1","0","0","57","6","0x00005534","162.159.134.234","10.0.0.22","462","0x00000000","443","53217","4462","1","422","20","0x00000018","0","0","0","1","1","0","0","81","0x00007039","0",
"4","20",,"0x0000525b","0x00000040","0","1","0","0","45","6","0x000030f5","23.105.168.216","10.0.0.22","81","0x00000000","443","53258","1","1","29","32","0x00000018","0","0","0","1","1","0","0","83","0x000053bb","0",
"4","20",,"0x0000b757","0x00000040","0","1","0","0","57","6","0x00005533","162.159.134.234","10.0.0.22","462","0x00000000","443","53217","4462","1","422","20","0x00000018","0","0","0","1","1","0","0","81","0x00007039","0",
"4","20",,"0x0000525d","0x00000040","0","1","0","0","45","6","0x000030f3","23.105.168.216","10.0.0.22","81","0x00000000","443","53258","1","1","29","32","0x00000018","0","0","0","1","1","0","0","83","0x000050fb","0",
"4","20",,"0x0000b758","0x00000040","0","1","0","0","57","6","0x00005532","162.159.134.234","10.0.0.22","462","0x00000000","443","53217","4462","1","422","20","0x00000018","0","0","0","1","1","0","0","81","0x00007039","0",
"4","20",,"0x0000525e","0x00000040","0","1","0","0","45","6","0x000030f2","23.105.168.216","10.0.0.22","81","0x00000000","443","53258","1","1","29","32","0x00000018","0","0","0","1","1","0","0","83","0x00004e3b","0",
"4","20",,"0x00000000","0x00000040","0","1","0","0","64","6","0x00007061","10.0.0.22","23.105.168.216","64","0x00000000","53258","443","1","30","0","44","0x00000010","0","0","0","0","1","0","0","4355","0x00001435","0",
"4","20",,"0x00000000","0x00000040","0","1","0","0","64","6","0x00007061","10.0.0.22","23.105.168.216","64","0x00000000","53258","443","1","30","0","44","0x00000010","0","0","0","0","1","0","0","4355","0x00000eb5","0",
"4","20",,"0x00000000","0x00000040","0","1","0","0","64","6","0x00000725","10.0.0.22","162.159.134.234","52","0x00000000","53217","443","1","4884","0","32","0x00000010","0","0","0","0","1","0","0","4093","0x00002837","0",
"4","20",,"0x00000000","0x00000040","0","1","0","0","64","6","0x00000725","10.0.0.22","162.159.134.234","52","0x00000000","53217","443","1","4884","0","32","0x00000010","0","0","0","0","1","0","0","4093","0x00002925","0",
"4","20",,"0x00000000","0x00000040","0","1","0","0","64","6","0x00000725","10.0.0.22","162.159.134.234","52","0x00000000","53217","443","1","4884","0","32","0x00000010","0","0","0","0","1","0","0","4093","0x00002925","0",
"4","20",,"0x00000000","0x00000040","0","1","0","0","64","6","0x00000725","10.0.0.22","162.159.134.234","52","0x00000000","53217","443","1","4884","0","32","0x00000010","0","0","0","0","1","0","0","4093","0x00002925","0",
"4","20",,"0x00000000","0x00000040","0","1","0","0","64","6","0x0000704c","10.0.0.22","23.105.168.216","85","0x00000000","53258","443","1","30","33","32","0x00000018","0","0","0","1","1","0","0","4355","0x00003035","0",
"4","20",,"0x0000b759","0x00000040","0","1","0","0","57","6","0x00005123","162.159.134.234","10.0.0.22","1500","0x00000000","443","53217","4884","1","1460","20","0x00000010","0","0","0","0","1","0","0","81","0x00002665","0",
"4","20",,"0x0000b75a","0x00000040","0","1","0","0","57","6","0x0000566e","162.159.134.234","10.0.0.22","144","0x00000000","443","53217","6344","1","104","20","0x00000018","0","0","0","1","1","0","0","81","0x00003f5c","0",
"4","20",,"0x00000000","0x00000040","0","1","0","0","64","6","0x00000731","10.0.0.22","162.159.134.234","40","0x00000000","53217","443","1","6448","0","20","0x00000010","0","0","0","0","1","0","0","4096","0x0000ae2f","0",
"4","20",,"0x0000525f","0x00000040","0","1","0","0","45","6","0x0000310e","23.105.168.216","10.0.0.22","52","0x00000000","443","53258","30","34","0","32","0x00000010","0","0","0","0","1","0","0","83","0x00006a5f","0",
"6",,,,,,,,,,,,,,,,,,,,,,,,,,,,,,,,,
"6",,,,,,,,,,,,,,,,,,,,,,,,,,,,,,,,,
"6",,,,,,,,,,,,,,,,,,,,,,,,,,,,,,,,,
"4","20",,"0x0000b75b","0x00000040","0","1","0","0","57","6","0x00005631","162.159.134.234","10.0.0.22","204","0x00000000","443","53217","6448","1","164","20","0x00000018","0","0","0","1","1","0","0","81","0x000066ba","0",
"4","20",,"0x0000b75c","0x00000040","0","1","0","0","57","6","0x00005630","162.159.134.234","10.0.0.22","204","0x00000000","443","53217","6448","1","164","20","0x00000018","0","0","0","1","1","0","0","81","0x000066ba","0",
"4","20",,"0x00000000","0x00000040","0","1","0","0","64","6","0x00000725","10.0.0.22","162.159.134.234","52","0x00000000","53217","443","1","6612","0","32","0x00000010","0","0","0","0","1","0","0","4093","0x000013e3","0",
"6",,,,,,,,,,,,,,,,,,,,,,,,,,,,,,,,,
"6",,,,,,,,,,,,,,,,,,,,,,,,,,,,,,,,,
"4","20",,"0x0000b75d","0x00000040","0","1","0","0","57","6","0x0000569e","162.159.134.234","10.0.0.22","93","0x00000000","443","53217","6612","1","53","20","0x00000018","0","0","0","1","1","0","0","81","0x00006ee6","0",
"4","20",,"0x0000b75e","0x00000040","0","1","0","0","57","6","0x0000561d","162.159.134.234","10.0.0.22","221","0x00000000","443","53217","6665","1","181","20","0x00000018","0","0","0","1","1","0","0","81","0x0000d61f","0",
"4","20",,"0x0000b75f","0x00000040","0","1","0","0","57","6","0x0000561c","162.159.134.234","10.0.0.22","221","0x00000000","443","53217","6665","1","181","20","0x00000018","0","0","0","1","1","0","0","81","0x0000d61f","0",
"4","20",,"0x0000b760","0x00000040","0","1","0","0","57","6","0x000055f9","162.159.134.234","10.0.0.22","255","0x00000000","443","53217","6846","1","215","20","0x00000018","0","0","0","1","1","0","0","81","0x0000a1e6","0",
"4","20",,"0x0000b761","0x00000040","0","1","0","0","57","6","0x0000550e","162.159.134.234","10.0.0.22","489","0x00000000","443","53217","6612","1","449","20","0x00000018","0","0","0","1","1","0","0","81","0x00002ae9","0",
"4","20",,"0x0000b762","0x00000040","0","1","0","0","57","6","0x00005642","162.159.134.234","10.0.0.22","180","0x00000000","443","53217","7061","1","140","20","0x00000018","0","0","0","1","1","0","0","81","0x00006991","0",
"4","20",,"0x0000b763","0x00000040","0","1","0","0","57","6","0x00005674","162.159.134.234","10.0.0.22","129","0x00000000","443","53217","7201","1","89","20","0x00000018","0","0","0","1","1","0","0","81","0x00006cc9","0",
"4","20",,"0x0000b764","0x00000040","0","1","0","0","57","6","0x00005426","162.159.134.234","10.0.0.22","718","0x00000000","443","53217","6612","1","678","20","0x00000018","0","0","0","1","1","0","0","81","0x00001265","0",
"4","20",,"0x0000cdf3","0x00000040","0","1","0","0","43","6","0x0000b8c1","192.108.254.116","10.0.0.22","76","0x00000000","443","53169","25","29","24","32","0x00000018","0","0","0","1","1","0","0","83","0x00004b31","0",
"4","20",,"0x0000cdf5","0x00000040","0","1","0","0","43","6","0x0000b8bf","192.108.254.116","10.0.0.22","76","0x00000000","443","53169","25","29","24","32","0x00000018","0","0","0","1","1","0","0","83","0x000048b4","0",
"4","20",,"0x0000a302","0x00000040","0","1","0","0","43","6","0x0000e3b2","192.108.254.116","10.0.0.22","76","0x00000000","443","53161","25","29","24","32","0x00000018","0","0","0","1","1","0","0","83","0x00005090","0",
"4","20",,"0x00000000","0x00000040","0","1","0","0","64","6","0x00000725","10.0.0.22","162.159.134.234","52","0x00000000","53217","443","1","7061","0","32","0x00000010","0","0","0","0","1","0","0","4088","0x00001064","0",
"4","20",,"0x00000000","0x00000040","0","1","0","0","64","6","0x00000725","10.0.0.22","162.159.134.234","52","0x00000000","53217","443","1","7201","0","32","0x00000010","0","0","0","0","1","0","0","4086","0x00000f38","0",
"4","20",,"0x00000000","0x00000040","0","1","0","0","64","6","0x000071c1","10.0.0.22","192.108.254.116","64","0x00000000","53169","443","29","49","0","44","0x00000010","0","0","0","0","1","0","0","2047","0x0000c7e7","0",
"4","20",,"0x00000000","0x00000040","0","1","0","0","64","6","0x00000725","10.0.0.22","162.159.134.234","52","0x00000000","53217","443","1","7290","0","32","0x00000010","0","0","0","0","1","0","0","4085","0x00000dfb","0",
"4","20",,"0x00000000","0x00000040","0","1","0","0","64","6","0x000071b1","10.0.0.22","192.108.254.116","80","0x00000000","53169","443","29","49","28","32","0x00000018","0","0","0","1","1","0","0","2048","0x0000a598","0",
"4","20",,"0x00000000","0x00000040","0","1","0","0","64","6","0x000071cd","10.0.0.22","192.108.254.116","52","0x00000000","53161","443","29","49","0","32","0x00000010","0","0","0","0","1","0","0","2048","0x0000ad41","0",
"4","20",,"0x00000000","0x00000040","0","1","0","0","64","6","0x000071b1","10.0.0.22","192.108.254.116","80","0x00000000","53161","443","29","49","28","32","0x00000018","0","0","0","1","1","0","0","2048","0x00000dbf","0",
"6",,,,,,,,,,,,,,,,,,,,,,,,,,,,,,,,,
"6",,,,,,,,,,,,,,,,,,,,,,,,,,,,,,,,,
"6",,,,,,,,,,,,,,,,,,,,,,,,,,,,,,,,,
"6",,,,,,,,,,,,,,,,,,,,,,,,,,,,,,,,,
"6",,,,,,,,,,,,,,,,,,,,,,,,,,,,,,,,,
"6",,,,,,,,,,,,,,,,,,,,,,,,,,,,,,,,,
"6",,,,,,,,,,,,,,,,,,,,,,,,,,,,,,,,,
"6",,,,,,,,,,,,,,,,,,,,,,,,,,,,,,,,,
"4","20",,"0x0000b765","0x00000040","0","1","0","0","57","6","0x00005425","162.159.134.234","10.0.0.22","718","0x00000000","443","53217","6612","1","678","20","0x00000018","0","0","0","1","1","0","0","81","0x00001265","0",
"4","20",,"0x00000000","0x00000040","0","1","0","0","64","6","0x00000725","10.0.0.22","162.159.134.234","52","0x00000000","53217","443","1","7290","0","32","0x00000010","0","0","0","0","1","0","0","4096","0x00000df0","0",
"4","20",,"0x0000b766","0x00000040","0","1","0","0","57","6","0x000053c4","162.159.134.234","10.0.0.22","814","0x00000000","443","53217","7290","1","774","20","0x00000018","0","0","0","1","1","0","0","81","0x0000e86f","0",
"4","20",,"0x00000000","0x00000040","0","1","0","0","64","6","0x00000731","10.0.0.22","162.159.134.234","40","0x00000000","53217","443","1","8064","0","20","0x00000010","0","0","0","0","1","0","0","4096","0x0000a7df","0",
"4","20",,"0x00000000","0x00000040","0","1","0","0","64","6","0x000071b1","10.0.0.22","192.108.254.116","80","0x00000000","53161","443","29","49","28","32","0x00000018","0","0","0","1","1","0","0","2048","0x00000cb1","0",
"4","20",,"0x00000000","0x00000040","0","1","0","0","64","6","0x000071b1","10.0.0.22","192.108.254.116","80","0x00000000","53169","443","29","49","28","32","0x00000018","0","0","0","1","1","0","0","2048","0x0000a480","0",
"4","20",,"0x0000cdf6","0x00000040","0","1","0","0","43","6","0x0000b8d6","192.108.254.116","10.0.0.22","52","0x00000000","443","53169","49","57","0","32","0x00000010","0","0","0","0","1","0","0","83","0x0000ca59","0",
"4","20",,"0x0000a303","0x00000040","0","1","0","0","43","6","0x0000e3c9","192.108.254.116","10.0.0.22","52","0x00000000","443","53161","49","57","0","32","0x00000010","0","0","0","0","1","0","0","83","0x0000b37f","0",
"4","20",,"0x0000a304","0x00000040","0","1","0","0","43","6","0x0000e3bc","192.108.254.116","10.0.0.22","64","0x00000000","443","53161","49","57","0","44","0x00000010","0","0","0","0","1","0","0","83","0x00007a68","0",
"4","20",,"0x0000cdf7","0x00000040","0","1","0","0","43","6","0x0000b8c9","192.108.254.116","10.0.0.22","64","0x00000000","443","53169","49","57","0","44","0x00000010","0","0","0","0","1","0","0","83","0x00009c6b","0",
"4","20",,"0x0000797d","0x00000000","0","0","0","0","1","17","0x00004596","10.0.0.22","239.255.255.250","202","0x00000000",,,,,,,,,,,,,,,,,,
"4","20",,"0x0000b767","0x00000040","0","1","0","0","57","6","0x0000555a","162.159.134.234","10.0.0.22","407","0x00000000","443","53217","8064","1","367","20","0x00000018","0","0","0","1","1","0","0","81","0x00004334","0",
"4","20",,"0x0000b768","0x00000040","0","1","0","0","57","6","0x0000561e","162.159.134.234","10.0.0.22","210","0x00000000","443","53217","8431","1","170","20","0x00000018","0","0","0","1","1","0","0","81","0x0000afd1","0",
"4","20",,"0x0000b769","0x00000040","0","1","0","0","57","6","0x0000561d","162.159.134.234","10.0.0.22","210","0x00000000","443","53217","8431","1","170","20","0x00000018","0","0","0","1","1","0","0","81","0x0000afd1","0",
"4","20",,"0x0000b76a","0x00000040","0","1","0","0","57","6","0x00005612","162.159.134.234","10.0.0.22","220","0x00000000","443","53217","8601","1","180","20","0x00000018","0","0","0","1","1","0","0","81","0x00000a73","0",
"4","20",,"0x0000b76b","0x00000040","0","1","0","0","57","6","0x000053f8","162.159.134.234","10.0.0.22","757","0x00000000","443","53217","8064","1","717","20","0x00000018","0","0","0","1","1","0","0","81","0x00005f26","0",
"4","20",,"0x00000000","0x00000040","0","1","0","0","64","6","0x00000725","10.0.0.22","162.159.134.234","52","0x00000000","53217","443","1","8781","0","32","0x00000010","0","0","0","0","1","0","0","4084","0x0000fbee","0",
"4","20",,"0x00000000","0x00000040","0","1","0","0","64","6","0x00000725","10.0.0.22","162.159.134.234","52","0x00000000","53217","443","1","8781","0","32","0x00000010","0","0","0","0","1","0","0","4084","0x0000fca9","0",
"6",,,,,,,,,,,,,,,,,,,,,,,,,,,,,,,,,
"6",,,,,,,,,,,,,,,,"55159","443","1","1","0","20","0x00000010","0","0","0","0","1","0","0","2048","0x0000f0f7","0",
"6",,,,,,,,,,,,,,,,,,,,,,,,,,,,,,,,,
"6",,,,,,,,,,,,,,,,"443","55159","1","2","0","32","0x00000010","0","0","0","0","1","0","0","150","0x0000ca5a","0",
"4","20",,"0x0000b76c","0x00000040","0","1","0","0","57","6","0x000054dc","162.159.134.234","10.0.0.22","528","0x00000000","443","53217","8781","1","488","20","0x00000018","0","0","0","1","1","0","0","81","0x00008763","0",
"4","20",,"0x00000000","0x00000040","0","1","0","0","64","6","0x00000731","10.0.0.22","162.159.134.234","40","0x00000000","53217","443","1","9269","0","20","0x00000010","0","0","0","0","1","0","0","4088","0x0000a332","0",
"4","20",,"0x0000b878","0x00000000","0","0","0","0","64","6","0x00007c65","10.0.0.22","23.214.36.7","40","0x00000000","55137","443","1","1","0","20","0x00000010","0","0","0","0","1","0","0","2048","0x0000c381","0",
"4","20",,"0x0000b76d","0x00000040","0","1","0","0","57","6","0x000054db","162.159.134.234","10.0.0.22","528","0x00000000","443","53217","8781","1","488","20","0x00000018","0","0","0","1","1","0","0","81","0x00008763","0",
"4","20",,"0x00000000","0x00000040","0","1","0","0","64","6","0x00000725","10.0.0.22","162.159.134.234","52","0x00000000","53217","443","1","9269","0","32","0x00000010","0","0","0","0","1","0","0","4096","0x0000f600","0",
"4","20",,"0x00000000","0x00000040","0","1","0","0","57","6","0x0000fbd1","23.214.36.7","10.0.0.22","52","0x00000000","443","55137","1","2","0","32","0x00000010","0","0","0","0","1","0","0","506","0x00002b97","0",
"4","20",,"0x00003819","0x00000000","0","0","0","0","64","17","0x0000a1eb","10.0.0.22","75.75.75.75","61","0x00000000",,,,,,,,,,,,,,,,,,
"4","20",,"0x0000c69b","0x00000000","0","0","0","0","64","17","0x00001369","10.0.0.22","75.75.75.75","61","0x00000000",,,,,,,,,,,,,,,,,,
"4","20",,"0x00000000","0x00000040","0","1","0","0","58","17","0x00009ff4","75.75.75.75","10.0.0.22","77","0x00000000",,,,,,,,,,,,,,,,,,
"4","20",,"0x00000000","0x00000040","0","1","0","0","58","17","0x00009fe8","75.75.75.75","10.0.0.22","89","0x00000000",,,,,,,,,,,,,,,,,,
"6",,,,,,,,,,,,,,,,,,,,,,,,,,,,,,,,,
"6",,,,,,,,,,,,,,,,,,,,,,,,,,,,,,,,,
"6",,,,,,,,,,,,,,,,,,,,,,,,,,,,,,,,,
"6",,,,,,,,,,,,,,,,,,,,,,,,,,,,,,,,,
"6",,,,,,,,,,,,,,,,,,,,,,,,,,,,,,,,,
"6",,,,,,,,,,,,,,,,,,,,,,,,,,,,,,,,,
"6",,,,,,,,,,,,,,,,,,,,,,,,,,,,,,,,,
"6",,,,,,,,,,,,,,,,,,,,,,,,,,,,,,,,,
"6",,,,,,,,,,,,,,,,,,,,,,,,,,,,,,,,,
"6",,,,,,,,,,,,,,,,,,,,,,,,,,,,,,,,,
"6",,,,,,,,,,,,,,,,,,,,,,,,,,,,,,,,,
"6",,,,,,,,,,,,,,,,,,,,,,,,,,,,,,,,,
"6",,,,,,,,,,,,,,,,,,,,,,,,,,,,,,,,,
"4","20",,"0x00008b88","0x00000000","0","0","0","0","1","17","0x0000338b","10.0.0.22","239.255.255.250","202","0x00000000",,,,,,,,,,,,,,,,,,
"6",,,,,,,,,,,,,,,,,,,,,,,,,,,,,,,,,
"4","20",,"0x00009ae1","0x00000000","0","0","0","0","64","6","0x00000bc8","10.0.0.22","3.222.198.51","40","0x00000000","53660","443","1","1","0","20","0x00000010","0","0","0","0","1","0","0","2048","0x0000cceb","0",
"4","20",,"0x0000b76e","0x00000040","0","1","0","0","57","6","0x0000563b","162.159.134.234","10.0.0.22","175","0x00000000","443","53217","9269","1","135","20","0x00000018","0","0","0","1","1","0","0","81","0x00000703","0",
"4","20",,"0x00000000","0x00000040","0","1","0","0","64","6","0x00000731","10.0.0.22","162.159.134.234","40","0x00000000","53217","443","1","9404","0","20","0x00000010","0","0","0","0","1","0","0","4096","0x0000a2a3","0",
"4","20",,"0x0000c8a1","0x00000040","0","1","0","0","231","6","0x0000f6fa","3.222.198.51","10.0.0.22","52","0x00000000","443","53660","1","2","0","32","0x00000010","0","0","0","0","1","0","0","119","0x000035fc","0",
"4","20",,"0x0000b76f","0x00000040","0","1","0","0","57","6","0x0000559b","162.159.134.234","10.0.0.22","334","0x00000000","443","53217","9404","1","294","20","0x00000018","0","0","0","1","1","0","0","81","0x0000ffda","0",
"4","20",,"0x00000000","0x00000040","0","1","0","0","64","6","0x00000731","10.0.0.22","162.159.134.234","40","0x00000000","53217","443","1","9698","0","20","0x00000010","0","0","0","0","1","0","0","4096","0x0000a17d","0",
"4","20",,"0x00005536","0x00000000","0","0","0","0","1","17","0x000069dd","10.0.0.22","239.255.255.250","202","0x00000000",,,,,,,,,,,,,,,,,,
"6",,,,,,,,,,,,,,,,,,,,,,,,,,,,,,,,,
"4","20",,"0x00001679","0x00000000","0","0","0","0","1","17","0x0000a89a","10.0.0.22","239.255.255.250","202","0x00000000",,,,,,,,,,,,,,,,,,
"6",,,,,,,,,,,,,,,,"443","55145","1","1","39","32","0x00000018","0","0","0","1","1","0","0","265","0x0000e78d","0",
"6",,,,,,,,,,,,,,,,"443","55145","40","1","0","32","0x00000011","1","0","0","0","1","0","0","265","0x0000bf39","0",
"6",,,,,,,,,,,,,,,,"55145","443","1","40","0","32","0x00000010","0","0","0","0","1","0","0","2047","0x0000bc28","0",
"6",,,,,,,,,,,,,,,,"55145","443","1","41","0","32","0x00000010","0","0","0","0","1","0","0","2047","0x0000bc27","0",
"6",,,,,,,,,,,,,,,,"55145","443","1","41","0","32","0x00000011","1","0","0","0","1","0","0","2048","0x0000bc25","0",
"6",,,,,,,,,,,,,,,,"443","55145","41","2","0","32","0x00000010","0","0","0","0","1","0","0","265","0x0000c303","0",
